Name,Season,Review Link,Year
Pilot,1,https://www.imdb.com/title/tt0664521/reviews,2005
Diversity Day,1,https://www.imdb.com/title/tt0664514/reviews,2005
Health Care,1,https://www.imdb.com/title/tt0664517/reviews,2005
The Alliance,1,https://www.imdb.com/title/tt0664523/reviews,2005
Basketball,1,https://www.imdb.com/title/tt0664510/reviews,2005
Hot Girl,1,https://www.imdb.com/title/tt0664518/reviews,2005
The Dundies,2,https://www.imdb.com/title/tt0664525/reviews,2005
Sexual Harassment,2,https://www.imdb.com/title/tt0664522/reviews,2005
Office Olympics,2,https://www.imdb.com/title/tt0664519/reviews,2005
The Fire,2,https://www.imdb.com/title/tt0664527/reviews,2005
Halloween,2,https://www.imdb.com/title/tt0664516/reviews,2005
The Fight,2,https://www.imdb.com/title/tt0664526/reviews,2005
The Client,2,https://www.imdb.com/title/tt0664524/reviews,2005
Performance Review,2,https://www.imdb.com/title/tt0664520/reviews,2005
E-Mail Surveillance,2,https://www.imdb.com/title/tt0664515/reviews,2005
Christmas Party,2,https://www.imdb.com/title/tt0664513/reviews,2005
Booze Cruise,2,https://www.imdb.com/title/tt0664511/reviews,2006
The Injury,2,https://www.imdb.com/title/tt0664528/reviews,2006
The Secret,2,https://www.imdb.com/title/tt0756967/reviews,2006
The Carpet,2,https://www.imdb.com/title/tt0756966/reviews,2006
Boys and Girls,2,https://www.imdb.com/title/tt0664512/reviews,2006
Valentine's Day,2,https://www.imdb.com/title/tt0763221/reviews,2006
Dwight's Speech,2,https://www.imdb.com/title/tt0770626/reviews,2006
Take Your Daughter to Work Day,2,https://www.imdb.com/title/tt0779510/reviews,2006
Michael's Birthday,2,https://www.imdb.com/title/tt0776249/reviews,2006
Drug Testing,2,https://www.imdb.com/title/tt0795874/reviews,2006
Conflict Resolution,2,https://www.imdb.com/title/tt0796140/reviews,2006
Casino Night,2,https://www.imdb.com/title/tt0800604/reviews,2006
Gay Witch Hunt,3,https://www.imdb.com/title/tt0859444/reviews,2006
The Convention,3,https://www.imdb.com/title/tt0859445/reviews,2006
The Coup,3,https://www.imdb.com/title/tt0868440/reviews,2006
Grief Counseling,3,https://www.imdb.com/title/tt0877241/reviews,2006
Initiation,3,https://www.imdb.com/title/tt0873237/reviews,2006
Diwali,3,https://www.imdb.com/title/tt0888293/reviews,2006
Branch Closing,3,https://www.imdb.com/title/tt0888292/reviews,2006
The Merger,3,https://www.imdb.com/title/tt0894520/reviews,2006
The Convict,3,https://www.imdb.com/title/tt0900677/reviews,2006
A Benihana Christmas,3,https://www.imdb.com/title/tt0908674/reviews,2006
Back from Vacation,3,https://www.imdb.com/title/tt0918835/reviews,2007
Traveling Salesmen,3,https://www.imdb.com/title/tt0934246/reviews,2007
The Return,3,https://www.imdb.com/title/tt0937879/reviews,2007
Ben Franklin,3,https://www.imdb.com/title/tt0954759/reviews,2007
Phyllis' Wedding,3,https://www.imdb.com/title/tt0962460/reviews,2007
Business School,3,https://www.imdb.com/title/tt0964922/reviews,2007
Cocktails,3,https://www.imdb.com/title/tt0967814/reviews,2007
The Negotiation,3,https://www.imdb.com/title/tt0983623/reviews,2007
Safety Training,3,https://www.imdb.com/title/tt0966362/reviews,2007
Product Recall,3,https://www.imdb.com/title/tt1008441/reviews,2007
Women's Appreciation,3,https://www.imdb.com/title/tt1020711/reviews,2007
Beach Games,3,https://www.imdb.com/title/tt1028389/reviews,2007
The Job,3,https://www.imdb.com/title/tt1030253/reviews,2007
Fun Run,4,https://www.imdb.com/title/tt1026035/reviews,2007
Dunder Mifflin Infinity,4,https://www.imdb.com/title/tt1031459/reviews,2007
Launch Party,4,https://www.imdb.com/title/tt1031470/reviews,2007
Money,4,https://www.imdb.com/title/tt1031472/reviews,2007
Local Ad,4,https://www.imdb.com/title/tt1031473/reviews,2007
Branch Wars,4,https://www.imdb.com/title/tt1031474/reviews,2007
Survivor Man,4,https://www.imdb.com/title/tt1031475/reviews,2007
The Deposition,4,https://www.imdb.com/title/tt1031476/reviews,2007
Dinner Party,4,https://www.imdb.com/title/tt1031477/reviews,2008
Chair Model,4,https://www.imdb.com/title/tt1031449/reviews,2008
Night Out,4,https://www.imdb.com/title/tt1031450/reviews,2008
Did I Stutter?,4,https://www.imdb.com/title/tt1031451/reviews,2008
Job Fair,4,https://www.imdb.com/title/tt1031452/reviews,2008
"Goodbye, Toby",4,https://www.imdb.com/title/tt1031453/reviews,2008
Weight Loss,5,https://www.imdb.com/title/tt1236462/reviews,2008
Business Ethics,5,https://www.imdb.com/title/tt1248743/reviews,2008
Baby Shower,5,https://www.imdb.com/title/tt1248747/reviews,2008
Crime Aid,5,https://www.imdb.com/title/tt1248748/reviews,2008
Employee Transfer,5,https://www.imdb.com/title/tt1248749/reviews,2008
Customer Survey,5,https://www.imdb.com/title/tt1248750/reviews,2008
Business Trip,5,https://www.imdb.com/title/tt1248751/reviews,2008
Frame Toby,5,https://www.imdb.com/title/tt1248752/reviews,2008
The Surplus,5,https://www.imdb.com/title/tt1248753/reviews,2008
Moroccan Christmas,5,https://www.imdb.com/title/tt1248733/reviews,2008
The Duel,5,https://www.imdb.com/title/tt1248734/reviews,2009
Prince Family Paper,5,https://www.imdb.com/title/tt1248735/reviews,2009
Stress Relief,5,https://www.imdb.com/title/tt1248736/reviews,2009
Lecture Circuit: Part 1,5,https://www.imdb.com/title/tt1248737/reviews,2009
Lecture Circuit: Part 2,5,https://www.imdb.com/title/tt1248738/reviews,2009
Blood Drive,5,https://www.imdb.com/title/tt1248739/reviews,2009
Golden Ticket,5,https://www.imdb.com/title/tt1248740/reviews,2009
New Boss,5,https://www.imdb.com/title/tt1248741/reviews,2009
Two Weeks,5,https://www.imdb.com/title/tt1248742/reviews,2009
Dream Team,5,https://www.imdb.com/title/tt1248745/reviews,2009
Michael Scott Paper Company,5,https://www.imdb.com/title/tt1248744/reviews,2009
Heavy Competition,5,https://www.imdb.com/title/tt1248746/reviews,2009
Broke,5,https://www.imdb.com/title/tt1268727/reviews,2009
Casual Friday,5,https://www.imdb.com/title/tt1406712/reviews,2009
Cafe Disco,5,https://www.imdb.com/title/tt1417507/reviews,2009
Company Picnic,5,https://www.imdb.com/title/tt1417732/reviews,2009
Gossip,6,https://www.imdb.com/title/tt1467798/reviews,2009
The Meeting,6,https://www.imdb.com/title/tt1487740/reviews,2009
The Promotion,6,https://www.imdb.com/title/tt1487741/reviews,2009
Niagara: Part 1,6,https://www.imdb.com/title/tt1487742/reviews,2009
Niagara: Part 2,6,https://www.imdb.com/title/tt5541236/reviews,2009
Mafia,6,https://www.imdb.com/title/tt1520196/reviews,2009
The Lover,6,https://www.imdb.com/title/tt1520197/reviews,2009
Koi Pond,6,https://www.imdb.com/title/tt1524878/reviews,2009
Double Date,6,https://www.imdb.com/title/tt1531589/reviews,2009
Murder,6,https://www.imdb.com/title/tt1535367/reviews,2009
Shareholder Meeting,6,https://www.imdb.com/title/tt1536326/reviews,2009
Scott's Tots,6,https://www.imdb.com/title/tt1544466/reviews,2009
Secret Santa,6,https://www.imdb.com/title/tt1548747/reviews,2009
The Banker,6,https://www.imdb.com/title/tt1564719/reviews,2010
Sabre,6,https://www.imdb.com/title/tt1564720/reviews,2010
Manager and Salesman,6,https://www.imdb.com/title/tt1564721/reviews,2010
The Delivery: Part 1,6,https://www.imdb.com/title/tt1582153/reviews,2010
The Delivery: Part 2,6,https://www.imdb.com/title/tt1582154/reviews,2010
St. Patrick's Day,6,https://www.imdb.com/title/tt1589333/reviews,2010
New Leads,6,https://www.imdb.com/title/tt1589334/reviews,2010
Happy Hour,6,https://www.imdb.com/title/tt1589335/reviews,2010
Secretary's Day,6,https://www.imdb.com/title/tt1589336/reviews,2010
Body Language,6,https://www.imdb.com/title/tt1589337/reviews,2010
The Cover-Up,6,https://www.imdb.com/title/tt1589338/reviews,2010
The Chump,6,https://www.imdb.com/title/tt1610228/reviews,2010
Whistleblower,6,https://www.imdb.com/title/tt1610229/reviews,2010
Nepotism,7,https://www.imdb.com/title/tt1691733/reviews,2010
Counseling,7,https://www.imdb.com/title/tt1707764/reviews,2010
Andy's Play,7,https://www.imdb.com/title/tt1707765/reviews,2010
Sex Ed,7,https://www.imdb.com/title/tt1707766/reviews,2010
The Sting,7,https://www.imdb.com/title/tt1725593/reviews,2010
Costume Contest,7,https://www.imdb.com/title/tt1725594/reviews,2010
Christening,7,https://www.imdb.com/title/tt1724495/reviews,2010
Viewing Party,7,https://www.imdb.com/title/tt1752582/reviews,2010
WUPHF.com,7,https://www.imdb.com/title/tt1752583/reviews,2010
China,7,https://www.imdb.com/title/tt1752581/reviews,2010
Classy Christmas,7,https://www.imdb.com/title/tt1752584/reviews,2010
Ultimatum,7,https://www.imdb.com/title/tt1776740/reviews,2011
The Seminar,7,https://www.imdb.com/title/tt1810331/reviews,2011
The Search,7,https://www.imdb.com/title/tt1817005/reviews,2011
PDA,7,https://www.imdb.com/title/tt1817006/reviews,2011
Threat Level Midnight,7,https://www.imdb.com/title/tt1817007/reviews,2011
Todd Packer,7,https://www.imdb.com/title/tt1832204/reviews,2011
Garage Sale,7,https://www.imdb.com/title/tt1833194/reviews,2011
Training Day,7,https://www.imdb.com/title/tt1833195/reviews,2011
Michael's Last Dundies,7,https://www.imdb.com/title/tt1833196/reviews,2011
"Goodbye, Michael",7,https://www.imdb.com/title/tt1833197/reviews,2011
The Inner Circle,7,https://www.imdb.com/title/tt1848618/reviews,2011
"Dwight K. Schrute, (Acting) Manager",7,https://www.imdb.com/title/tt1848619/reviews,2011
Search Committee,7,https://www.imdb.com/title/tt1848620/reviews,2011
The List,8,https://www.imdb.com/title/tt2000321/reviews,2011
The Incentive,8,https://www.imdb.com/title/tt2051718/reviews,2011
Lotto,8,https://www.imdb.com/title/tt2061513/reviews,2011
Garden Party,8,https://www.imdb.com/title/tt2072796/reviews,2011
Spooked,8,https://www.imdb.com/title/tt2074990/reviews,2011
Doomsday,8,https://www.imdb.com/title/tt2079359/reviews,2011
Pam's Replacement,8,https://www.imdb.com/title/tt2077604/reviews,2011
Gettysburg,8,https://www.imdb.com/title/tt2071306/reviews,2011
Mrs. California,8,https://www.imdb.com/title/tt2107510/reviews,2011
Christmas Wishes,8,https://www.imdb.com/title/tt2113519/reviews,2011
Trivia,8,https://www.imdb.com/title/tt2139249/reviews,2012
Pool Party,8,https://www.imdb.com/title/tt2156255/reviews,2012
Jury Duty,8,https://www.imdb.com/title/tt2181631/reviews,2012
Special Project,8,https://www.imdb.com/title/tt2190001/reviews,2012
Tallahassee,8,https://www.imdb.com/title/tt2202113/reviews,2012
After Hours,8,https://www.imdb.com/title/tt2213999/reviews,2012
Test the Store,8,https://www.imdb.com/title/tt2230719/reviews,2012
Last Day in Florida,8,https://www.imdb.com/title/tt2268001/reviews,2012
Get the Girl,8,https://www.imdb.com/title/tt2267999/reviews,2012
Welcome Party,8,https://www.imdb.com/title/tt2280881/reviews,2012
Angry Andy,8,https://www.imdb.com/title/tt2362659/reviews,2012
Fundraiser,8,https://www.imdb.com/title/tt2366113/reviews,2012
Turf War,8,https://www.imdb.com/title/tt2366115/reviews,2012
Free Family Portrait Studio,8,https://www.imdb.com/title/tt2374269/reviews,2012
New Guys,9,https://www.imdb.com/title/tt2240226/reviews,2012
Roy's Wedding,9,https://www.imdb.com/title/tt2240224/reviews,2012
Andy's Ancestry,9,https://www.imdb.com/title/tt2359466/reviews,2012
Work Bus,9,https://www.imdb.com/title/tt2349780/reviews,2012
Here Comes Treble,9,https://www.imdb.com/title/tt2433396/reviews,2012
The Boat,9,https://www.imdb.com/title/tt2435600/reviews,2012
The Whale,9,https://www.imdb.com/title/tt2471292/reviews,2012
The Target,9,https://www.imdb.com/title/tt2476014/reviews,2012
Dwight Christmas,9,https://www.imdb.com/title/tt2514850/reviews,2012
Lice,9,https://www.imdb.com/title/tt2572724/reviews,2013
Suit Warehouse,9,https://www.imdb.com/title/tt2572726/reviews,2013
Customer Loyalty,9,https://www.imdb.com/title/tt2572728/reviews,2013
Junior Salesman,9,https://www.imdb.com/title/tt2572732/reviews,2013
Vandalism,9,https://www.imdb.com/title/tt2572734/reviews,2013
Couples Discount,9,https://www.imdb.com/title/tt2572738/reviews,2013
Moving On,9,https://www.imdb.com/title/tt2572740/reviews,2013
The Farm,9,https://www.imdb.com/title/tt2361870/reviews,2013
Promos,9,https://www.imdb.com/title/tt2669734/reviews,2013
Stairmageddon,9,https://www.imdb.com/title/tt2669736/reviews,2013
Paper Airplane,9,https://www.imdb.com/title/tt2669744/reviews,2013
Livin' the Dream,9,https://www.imdb.com/title/tt2876480/reviews,2013
A.A.R.M.,9,https://www.imdb.com/title/tt2669740/reviews,2013
Finale,9,https://www.imdb.com/title/tt2669746/reviews,2013
